      Withdrawal Agent WT1, issued withdrawal of $89.00 at: 09/02/2024 21:58:50 EST, Transaction Number : 7
      Withdrawal Agent WT6, issued withdrawal of $88.00 at: 09/02/2024 21:58:50 EST, Transaction Number : 14
      Withdrawal Agent WT5, issued withdrawal of $97.00 at: 09/02/2024 21:58:50 EST, Transaction Number : 25
      Withdrawal Agent WT5, issued withdrawal of $98.00 at: 09/02/2024 21:58:50 EST, Transaction Number : 32
Depositor Agent DT1, issued deposit of $443.00 at: 09/02/2024 21:58:50 EST, Transaction Number : 34
Depositor Agent DT0, issued deposit of $379.00 at: 09/02/2024 21:58:50 EST, Transaction Number : 41
      Withdrawal Agent WT1, issued withdrawal of $92.00 at: 09/02/2024 21:58:50 EST, Transaction Number : 46
Depositor Agent DT3, issued deposit of $437.00 at: 09/02/2024 21:58:50 EST, Transaction Number : 53
      Withdrawal Agent WT3, issued withdrawal of $94.00 at: 09/02/2024 21:58:50 EST, Transaction Number : 60
      Withdrawal Agent WT9, issued withdrawal of $98.00 at: 09/02/2024 21:58:50 EST, Transaction Number : 65
      Withdrawal Agent WT0, issued withdrawal of $99.00 at: 09/02/2024 21:58:50 EST, Transaction Number : 67
      Withdrawal Agent WT1, issued withdrawal of $99.00 at: 09/02/2024 21:58:50 EST, Transaction Number : 69
      Withdrawal Agent WT5, issued withdrawal of $78.00 at: 09/02/2024 21:58:50 EST, Transaction Number : 73
Depositor Agent DT3, issued deposit of $487.00 at: 09/02/2024 21:58:50 EST, Transaction Number : 81
      Withdrawal Agent WT4, issued withdrawal of $87.00 at: 09/02/2024 21:58:50 EST, Transaction Number : 85
Depositor Agent DT2, issued deposit of $371.00 at: 09/02/2024 21:58:50 EST, Transaction Number : 88
      Withdrawal Agent WT2, issued withdrawal of $83.00 at: 09/02/2024 21:58:50 EST, Transaction Number : 90
      Withdrawal Agent WT7, issued withdrawal of $77.00 at: 09/02/2024 21:58:50 EST, Transaction Number : 94
Depositor Agent DT3, issued deposit of $479.00 at: 09/02/2024 21:58:50 EST, Transaction Number : 96
      Withdrawal Agent WT6, issued withdrawal of $91.00 at: 09/02/2024 21:58:50 EST, Transaction Number : 98
Depositor Agent DT0, issued deposit of $386.00 at: 09/02/2024 21:58:50 EST, Transaction Number : 103
      Withdrawal Agent WT7, issued withdrawal of $82.00 at: 09/02/2024 21:58:50 EST, Transaction Number : 106
      Withdrawal Agent WT8, issued withdrawal of $85.00 at: 09/02/2024 21:58:50 EST, Transaction Number : 117
      Withdrawal Agent WT9, issued withdrawal of $85.00 at: 09/02/2024 21:58:50 EST, Transaction Number : 123
Depositor Agent DT0, issued deposit of $386.00 at: 09/02/2024 21:58:50 EST, Transaction Number : 129
      Withdrawal Agent WT7, issued withdrawal of $84.00 at: 09/02/2024 21:58:50 EST, Transaction Number : 135
      Withdrawal Agent WT6, issued withdrawal of $86.00 at: 09/02/2024 21:58:50 EST, Transaction Number : 137
      Withdrawal Agent WT2, issued withdrawal of $76.00 at: 09/02/2024 21:58:50 EST, Transaction Number : 142
Depositor Agent DT3, issued deposit of $445.00 at: 09/02/2024 21:58:50 EST, Transaction Number : 152
      Withdrawal Agent WT2, issued withdrawal of $99.00 at: 09/02/2024 21:58:50 EST, Transaction Number : 155
      Withdrawal Agent WT4, issued withdrawal of $90.00 at: 09/02/2024 21:58:50 EST, Transaction Number : 168
      Withdrawal Agent WT3, issued withdrawal of $87.00 at: 09/02/2024 21:58:50 EST, Transaction Number : 177
Depositor Agent DT4, issued deposit of $471.00 at: 09/02/2024 21:58:51 EST, Transaction Number : 188
      Withdrawal Agent WT5, issued withdrawal of $76.00 at: 09/02/2024 21:58:51 EST, Transaction Number : 191
      Withdrawal Agent WT3, issued withdrawal of $89.00 at: 09/02/2024 21:58:51 EST, Transaction Number : 194
Depositor Agent DT2, issued deposit of $393.00 at: 09/02/2024 21:58:51 EST, Transaction Number : 199
      Withdrawal Agent WT1, issued withdrawal of $81.00 at: 09/02/2024 21:58:51 EST, Transaction Number : 203
      Withdrawal Agent WT3, issued withdrawal of $90.00 at: 09/02/2024 21:58:51 EST, Transaction Number : 212
Depositor Agent DT1, issued deposit of $438.00 at: 09/02/2024 21:58:51 EST, Transaction Number : 219
      Withdrawal Agent WT8, issued withdrawal of $80.00 at: 09/02/2024 21:58:51 EST, Transaction Number : 225
      Withdrawal Agent WT9, issued withdrawal of $86.00 at: 09/02/2024 21:58:51 EST, Transaction Number : 230
      Withdrawal Agent WT7, issued withdrawal of $89.00 at: 09/02/2024 21:58:51 EST, Transaction Number : 237
      Withdrawal Agent WT9, issued withdrawal of $81.00 at: 09/02/2024 21:58:51 EST, Transaction Number : 239
Depositor Agent DT2, issued deposit of $419.00 at: 09/02/2024 21:58:51 EST, Transaction Number : 242
      Withdrawal Agent WT2, issued withdrawal of $97.00 at: 09/02/2024 21:58:51 EST, Transaction Number : 244
Depositor Agent DT1, issued deposit of $443.00 at: 09/02/2024 21:59:10 EST, Transaction Number : 3
Depositor Agent DT2, issued deposit of $356.00 at: 09/02/2024 21:59:10 EST, Transaction Number : 5
Depositor Agent DT3, issued deposit of $483.00 at: 09/02/2024 21:59:10 EST, Transaction Number : 7
      Withdrawal Agent WT4, issued withdrawal of $83.00 at: 09/02/2024 21:59:10 EST, Transaction Number : 24
      Withdrawal Agent WT8, issued withdrawal of $83.00 at: 09/02/2024 21:59:10 EST, Transaction Number : 28
      Withdrawal Agent WT4, issued withdrawal of $88.00 at: 09/02/2024 21:59:10 EST, Transaction Number : 32
      Withdrawal Agent WT0, issued withdrawal of $85.00 at: 09/02/2024 21:59:10 EST, Transaction Number : 37
      Withdrawal Agent WT4, issued withdrawal of $88.00 at: 09/02/2024 21:59:10 EST, Transaction Number : 47
      Withdrawal Agent WT2, issued withdrawal of $77.00 at: 09/02/2024 21:59:10 EST, Transaction Number : 56
Depositor Agent DT3, issued deposit of $364.00 at: 09/02/2024 21:59:10 EST, Transaction Number : 63
Depositor Agent DT1, issued deposit of $364.00 at: 09/02/2024 21:59:10 EST, Transaction Number : 67
      Withdrawal Agent WT2, issued withdrawal of $85.00 at: 09/02/2024 21:59:10 EST, Transaction Number : 75
      Withdrawal Agent WT4, issued withdrawal of $94.00 at: 09/02/2024 21:59:10 EST, Transaction Number : 77
      Withdrawal Agent WT8, issued withdrawal of $81.00 at: 09/02/2024 21:59:10 EST, Transaction Number : 79
      Withdrawal Agent WT9, issued withdrawal of $76.00 at: 09/02/2024 21:59:10 EST, Transaction Number : 87
      Withdrawal Agent WT6, issued withdrawal of $93.00 at: 09/02/2024 21:59:10 EST, Transaction Number : 91
Depositor Agent DT0, issued deposit of $394.00 at: 09/02/2024 21:59:10 EST, Transaction Number : 98
      Withdrawal Agent WT1, issued withdrawal of $78.00 at: 09/02/2024 21:59:10 EST, Transaction Number : 103
      Withdrawal Agent WT6, issued withdrawal of $86.00 at: 09/02/2024 21:59:10 EST, Transaction Number : 105
      Withdrawal Agent WT5, issued withdrawal of $79.00 at: 09/02/2024 21:59:10 EST, Transaction Number : 107
Depositor Agent DT3, issued deposit of $419.00 at: 09/02/2024 21:59:10 EST, Transaction Number : 110
      Withdrawal Agent WT2, issued withdrawal of $78.00 at: 09/02/2024 21:59:10 EST, Transaction Number : 116
      Withdrawal Agent WT1, issued withdrawal of $86.00 at: 09/02/2024 21:59:10 EST, Transaction Number : 122
      Withdrawal Agent WT5, issued withdrawal of $78.00 at: 09/02/2024 21:59:10 EST, Transaction Number : 126
      Withdrawal Agent WT2, issued withdrawal of $98.00 at: 09/02/2024 21:59:10 EST, Transaction Number : 129
      Withdrawal Agent WT7, issued withdrawal of $92.00 at: 09/02/2024 21:59:10 EST, Transaction Number : 131
      Withdrawal Agent WT1, issued withdrawal of $76.00 at: 09/02/2024 21:59:10 EST, Transaction Number : 136
      Withdrawal Agent WT9, issued withdrawal of $84.00 at: 09/02/2024 21:59:10 EST, Transaction Number : 139
Depositor Agent DT0, issued deposit of $409.00 at: 09/02/2024 21:59:10 EST, Transaction Number : 142
      Withdrawal Agent WT4, issued withdrawal of $78.00 at: 09/02/2024 21:59:10 EST, Transaction Number : 144
      Withdrawal Agent WT7, issued withdrawal of $77.00 at: 09/02/2024 21:59:10 EST, Transaction Number : 146
      Withdrawal Agent WT6, issued withdrawal of $99.00 at: 09/02/2024 21:59:10 EST, Transaction Number : 150
      Withdrawal Agent WT4, issued withdrawal of $91.00 at: 09/02/2024 21:59:10 EST, Transaction Number : 157
      Withdrawal Agent WT1, issued withdrawal of $88.00 at: 09/02/2024 21:59:10 EST, Transaction Number : 159
      Withdrawal Agent WT2, issued withdrawal of $80.00 at: 09/02/2024 21:59:10 EST, Transaction Number : 162
Depositor Agent DT4, issued deposit of $376.00 at: 09/02/2024 21:59:10 EST, Transaction Number : 166
      Withdrawal Agent WT3, issued withdrawal of $86.00 at: 09/02/2024 21:59:10 EST, Transaction Number : 179
Depositor Agent DT4, issued deposit of $373.00 at: 09/02/2024 21:59:10 EST, Transaction Number : 184
Depositor Agent DT1, issued deposit of $387.00 at: 09/02/2024 21:59:10 EST, Transaction Number : 188
      Withdrawal Agent WT2, issued withdrawal of $90.00 at: 09/02/2024 21:59:10 EST, Transaction Number : 191
      Withdrawal Agent WT4, issued withdrawal of $81.00 at: 09/02/2024 21:59:10 EST, Transaction Number : 193
      Withdrawal Agent WT0, issued withdrawal of $85.00 at: 09/02/2024 21:59:10 EST, Transaction Number : 199
Depositor Agent DT1, issued deposit of $366.00 at: 09/02/2024 21:59:10 EST, Transaction Number : 211
      Withdrawal Agent WT1, issued withdrawal of $82.00 at: 09/02/2024 21:59:10 EST, Transaction Number : 213
      Withdrawal Agent WT7, issued withdrawal of $98.00 at: 09/02/2024 21:59:10 EST, Transaction Number : 218
      Withdrawal Agent WT4, issued withdrawal of $81.00 at: 09/02/2024 21:59:10 EST, Transaction Number : 220
      Withdrawal Agent WT0, issued withdrawal of $80.00 at: 09/02/2024 21:59:10 EST, Transaction Number : 226
      Withdrawal Agent WT4, issued withdrawal of $89.00 at: 09/02/2024 21:59:10 EST, Transaction Number : 228
      Withdrawal Agent WT5, issued withdrawal of $89.00 at: 09/02/2024 21:59:10 EST, Transaction Number : 233
Depositor Agent DT2, issued deposit of $469.00 at: 09/02/2024 21:59:26 EST, Transaction Number : 4
      Withdrawal Agent WT4, issued withdrawal of $99.00 at: 09/02/2024 21:59:26 EST, Transaction Number : 11
      Withdrawal Agent WT7, issued withdrawal of $96.00 at: 09/02/2024 21:59:26 EST, Transaction Number : 16
      Withdrawal Agent WT8, issued withdrawal of $91.00 at: 09/02/2024 21:59:26 EST, Transaction Number : 18
Depositor Agent DT1, issued deposit of $461.00 at: 09/02/2024 21:59:26 EST, Transaction Number : 21
      Withdrawal Agent WT3, issued withdrawal of $95.00 at: 09/02/2024 21:59:26 EST, Transaction Number : 25
Depositor Agent DT1, issued deposit of $398.00 at: 09/02/2024 21:59:26 EST, Transaction Number : 27
      Withdrawal Agent WT3, issued withdrawal of $79.00 at: 09/02/2024 21:59:26 EST, Transaction Number : 30
Depositor Agent DT0, issued deposit of $473.00 at: 09/02/2024 21:59:26 EST, Transaction Number : 33
      Withdrawal Agent WT4, issued withdrawal of $77.00 at: 09/02/2024 21:59:26 EST, Transaction Number : 35
      Withdrawal Agent WT6, issued withdrawal of $79.00 at: 09/02/2024 21:59:26 EST, Transaction Number : 44
      Withdrawal Agent WT0, issued withdrawal of $94.00 at: 09/02/2024 21:59:26 EST, Transaction Number : 54
Depositor Agent DT2, issued deposit of $404.00 at: 09/02/2024 21:59:26 EST, Transaction Number : 56
      Withdrawal Agent WT7, issued withdrawal of $86.00 at: 09/02/2024 21:59:26 EST, Transaction Number : 59
      Withdrawal Agent WT5, issued withdrawal of $85.00 at: 09/02/2024 21:59:26 EST, Transaction Number : 62
      Withdrawal Agent WT7, issued withdrawal of $86.00 at: 09/02/2024 21:59:26 EST, Transaction Number : 64
      Withdrawal Agent WT1, issued withdrawal of $92.00 at: 09/02/2024 21:59:26 EST, Transaction Number : 68
      Withdrawal Agent WT5, issued withdrawal of $91.00 at: 09/02/2024 21:59:26 EST, Transaction Number : 75
Depositor Agent DT1, issued deposit of $491.00 at: 09/02/2024 21:59:26 EST, Transaction Number : 80
      Withdrawal Agent WT0, issued withdrawal of $85.00 at: 09/02/2024 21:59:26 EST, Transaction Number : 87
Depositor Agent DT0, issued deposit of $412.00 at: 09/02/2024 21:59:26 EST, Transaction Number : 99
Depositor Agent DT0, issued deposit of $365.00 at: 09/02/2024 21:59:26 EST, Transaction Number : 106
      Withdrawal Agent WT2, issued withdrawal of $90.00 at: 09/02/2024 21:59:26 EST, Transaction Number : 108
Depositor Agent DT4, issued deposit of $496.00 at: 09/02/2024 21:59:26 EST, Transaction Number : 113
      Withdrawal Agent WT1, issued withdrawal of $92.00 at: 09/02/2024 21:59:26 EST, Transaction Number : 116
Depositor Agent DT2, issued deposit of $382.00 at: 09/02/2024 21:59:26 EST, Transaction Number : 120
      Withdrawal Agent WT9, issued withdrawal of $94.00 at: 09/02/2024 21:59:26 EST, Transaction Number : 124
Depositor Agent DT1, issued deposit of $357.00 at: 09/02/2024 21:59:26 EST, Transaction Number : 126
Depositor Agent DT1, issued deposit of $355.00 at: 09/02/2024 21:59:26 EST, Transaction Number : 128
Depositor Agent DT0, issued deposit of $482.00 at: 09/02/2024 21:59:26 EST, Transaction Number : 134
      Withdrawal Agent WT7, issued withdrawal of $78.00 at: 09/02/2024 21:59:26 EST, Transaction Number : 142
Depositor Agent DT2, issued deposit of $468.00 at: 09/02/2024 21:59:26 EST, Transaction Number : 153
      Withdrawal Agent WT6, issued withdrawal of $80.00 at: 09/02/2024 21:59:26 EST, Transaction Number : 157
      Withdrawal Agent WT0, issued withdrawal of $97.00 at: 09/02/2024 21:59:26 EST, Transaction Number : 166
      Withdrawal Agent WT7, issued withdrawal of $79.00 at: 09/02/2024 21:59:27 EST, Transaction Number : 171
      Withdrawal Agent WT2, issued withdrawal of $87.00 at: 09/02/2024 21:59:27 EST, Transaction Number : 173
      Withdrawal Agent WT5, issued withdrawal of $95.00 at: 09/02/2024 21:59:27 EST, Transaction Number : 177
      Withdrawal Agent WT3, issued withdrawal of $80.00 at: 09/02/2024 21:59:27 EST, Transaction Number : 181
      Withdrawal Agent WT7, issued withdrawal of $97.00 at: 09/02/2024 21:59:27 EST, Transaction Number : 184
      Withdrawal Agent WT1, issued withdrawal of $95.00 at: 09/02/2024 21:59:27 EST, Transaction Number : 187
      Withdrawal Agent WT2, issued withdrawal of $97.00 at: 09/02/2024 21:59:27 EST, Transaction Number : 190
      Withdrawal Agent WT3, issued withdrawal of $84.00 at: 09/02/2024 21:59:27 EST, Transaction Number : 194
Depositor Agent DT1, issued deposit of $417.00 at: 09/02/2024 21:59:27 EST, Transaction Number : 196
Depositor Agent DT4, issued deposit of $405.00 at: 09/02/2024 21:59:27 EST, Transaction Number : 210
      Withdrawal Agent WT6, issued withdrawal of $97.00 at: 09/02/2024 21:59:27 EST, Transaction Number : 212
      Withdrawal Agent WT0, issued withdrawal of $90.00 at: 09/02/2024 21:59:27 EST, Transaction Number : 215
      Withdrawal Agent WT6, issued withdrawal of $95.00 at: 09/02/2024 21:59:27 EST, Transaction Number : 218
      Withdrawal Agent WT4, issued withdrawal of $87.00 at: 09/02/2024 21:59:27 EST, Transaction Number : 227
      Withdrawal Agent WT2, issued withdrawal of $81.00 at: 09/02/2024 21:59:27 EST, Transaction Number : 229
      Withdrawal Agent WT7, issued withdrawal of $76.00 at: 09/02/2024 21:59:27 EST, Transaction Number : 234
      Withdrawal Agent WT9, issued withdrawal of $81.00 at: 09/02/2024 21:59:27 EST, Transaction Number : 243
      Withdrawal Agent WT2, issued withdrawal of $88.00 at: 09/02/2024 21:59:27 EST, Transaction Number : 247
      Withdrawal Agent WT0, issued withdrawal of $77.00 at: 09/02/2024 21:59:27 EST, Transaction Number : 249
      Withdrawal Agent WT5, issued withdrawal of $83.00 at: 09/02/2024 21:59:27 EST, Transaction Number : 251
      Withdrawal Agent WT1, issued withdrawal of $84.00 at: 09/02/2024 21:59:27 EST, Transaction Number : 254
      Withdrawal Agent WT4, issued withdrawal of $98.00 at: 09/02/2024 21:59:27 EST, Transaction Number : 258
      Withdrawal Agent WT4, issued withdrawal of $90.00 at: 09/02/2024 21:59:27 EST, Transaction Number : 265
Depositor Agent DT3, issued deposit of $466.00 at: 09/02/2024 21:59:27 EST, Transaction Number : 268
      Withdrawal Agent WT6, issued withdrawal of $89.00 at: 09/02/2024 21:59:27 EST, Transaction Number : 271
